id,gen,sp,ssp,grp,en,rec,cnt,loc,lat,lon,alt,type,sex,stage,method,url,file,file-name,lic,q,length,time,date,uploaded,rmk,animal-seen,playback-used,temp,regnr,auto,dvc,mic,smp,also,status
1166697,Milvus,migrans,,birds,Black Kite,Esperanza Poveda,Spain,"Aljarafe (near  Choza de Huerta Tejada), Sevilla, Andalucía",37.0713,-6.2763,0,flight call,uncertain,adult,field recording,https://xeno-canto.org/1166697,https://xeno-canto.org/1166697/download,XC1166697-milvus-migrans-frente-de-huertatejada-01-05-2026.mp3,https://creativecommons.org/licenses/by-nc-sa/4.0/,A,0:11,?,2026-05-01,2026-08-15,  canal salpicado de tarays y alguna otra vegetación cerca de unas edificaciones en ruinas.,no,no,,,yes,olymppus dm770,no,44100,,identified
1161887,Milvus,migrans,,birds,Black Kite,João Ferreira Tomás,Spain,"Tierra del Vino (near  Fresno el Viejo), Valladolid, Castile and León",41.1701,-5.1149,750,call,uncertain,nestling,field recording,https://xeno-canto.org/1161887,https://xeno-canto.org/1161887/download,XC1161887-Milvus-migrans_nestling-call_Fresno-el-Viejo_290726_0705.wav,https://creativecommons.org/licenses/by-nc-sa/4.0/,A,4:06,7:05,2026-07-29,2026-07-29,A chick calling incessantly from its nest in a Pinus pinaster (practically a fledgling). It hasn’t stopped calling since the first glimmer of light.,yes,no,,,no,Zoom H5,Telinga PRO-X V.2,44100,Columba palumbus; Fringilla coelebs; Carduelis carduelis; Phylloscopus bonelli,identified
1156727,Milvus,migrans,,birds,Black Kite,Jordi Calvet,Spain,"Embassament d'Utxesa-Secà, Segrià, Catalunya",41.5048,0.547,150,"alarm call, call",uncertain,adult,field recording,https://xeno-canto.org/1156727,https://xeno-canto.org/1156727/download,XC1156727-MILMIG150726MixPre-022_FLIGHT-(3).wav,https://creativecommons.org/licenses/by-nc-nd/4.0/,A,1:21,20:00,2026-07-15,2026-07-18,Flying in circles over the recordist,yes,no,,,no,MIXPRE 6,Telinga parabolic mic,48000,Oriolus oriolus; Merops apiaster,identified
1156724,Milvus,migrans,,birds,Black Kite,Jordi Calvet,Spain,"Embassament d'Utxesa-Secà, Segrià, Catalunya",41.5048,0.547,150,"alarm call, call",uncertain,adult,field recording,https://xeno-canto.org/1156724,https://xeno-canto.org/1156724/download,XC1156724-MILMIG150726MixPre-022_FLIGHT-(2).wav,https://creativecommons.org/licenses/by-nc-nd/4.0/,A,0:21,20:00,2026-07-15,2026-07-18,,yes,no,,,no,MIXPRE 6,Telinga parabolic mic,48000,,identified
1138411,Milvus,migrans,lineatus,birds,Black Kite,Albert Lastukhin,China,"Hang Zhou Shi, Zhe Jiang Sheng",29.6976,119.0761,100,song,male,adult,field recording,https://xeno-canto.org/1138411,https://xeno-canto.org/1138411/download,"XC1138411-Milvus-migrans-lineatus-260501_002,-2.05.2026,-Ктай,-п.1,-05-40,47-A.mp3",https://creativecommons.org/licenses/by-nc-nd/4.0/,A,0:17,06:30,2026-05-01,2026-05-28,,yes,no,,,no,,,44100,Spilopelia chinensis,identified
1138383,Milvus,migrans,lineatus,birds,Black Kite,Albert Lastukhin,China,"Hang Zhou Shi, Zhe Jiang Sheng",29.6976,119.0761,100,song,male,adult,field recording,https://xeno-canto.org/1138383,https://xeno-canto.org/1138383/download,"XC1138383-Milvus-migrans-lineatus-260501_002,-1.05.2026,-Ктай,-п.1,-18-16--00--20,11B1.mp3",https://creativecommons.org/licenses/by-nc-nd/4.0/,A,0:21,16:00,2026-05-01,2026-05-28,,yes,no,,,no,,,44100,,identified
1138382,Milvus,migrans,lineatus,birds,Black Kite,Albert Lastukhin,China,"Hang Zhou Shi, Zhe Jiang Sheng",29.6976,119.0761,100,song,male,adult,field recording,https://xeno-canto.org/1138382,https://xeno-canto.org/1138382/download,"XC1138382-Milvus-migrans-lineatus-260501_002,-1.05.2026,-Ктай,-п.1,-18-16--00--20,11B.mp3",https://creativecommons.org/licenses/by-nc-nd/4.0/,A,0:10,16:00,2026-05-01,2026-05-28,,yes,no,,,no,,,44100,,identified
1106035,Milvus,migrans,,birds,Black Kite,Beatrix Saadi-Varchmin,Germany,"Landsberg (near  Thaining), Upper Bavaria, Bavaria",47.9747,10.9722,700,call,"female, male",adult,field recording,https://xeno-canto.org/1106035,https://xeno-canto.org/1106035/download,XC1106035-SCHWARZMILANE---11_11--Thaining--VOC_260420-7387--A2.wav,https://creativecommons.org/licenses/by-nc-sa/4.0/,A,0:50,11:11,2026-04-20,2026-05-06,"a pair at the edge of the forest  near its breeding place, courtshipping. Bright and sunny weather, a lot of insects around me",yes,no,,,no,Olympus LS-100,Sennheiser MKH 70 P48,44100,Phylloscopus collybita; Periparus ater,identified
1106027,Milvus,migrans,,birds,Black Kite,Beatrix Saadi-Varchmin,Germany,"Landsberg (near  Thaining), Upper Bavaria, Bavaria",47.9747,10.9722,700,call,"female, male",adult,field recording,https://xeno-canto.org/1106027,https://xeno-canto.org/1106027/download,XC1106027-SCHWARZMILANE--11_11--Thaining--VOC_260420-7387-A1.wav,https://creativecommons.org/licenses/by-nc-sa/4.0/,A,0:05,11:11,2026-04-20,2026-05-06,"a pair at the edge of the forest  near its breeding place, courtshipping. Bright and sunny weather",yes,no,,,no,Olympus LS-100,Sennheiser MKH 70 P48,44100,Periparus ater,identified
1102742,Milvus,migrans,,birds,Black Kite,Beatrix Saadi-Varchmin,Germany,"Landsberg am Lech (near  Thaining), Oberbayern, Bayern",47.9731,10.9704,700,,"female, male",adult,field recording,https://xeno-canto.org/1102742,https://xeno-canto.org/1102742/download,XC1102742-SCHWARZMILANE-11_06-vor-Thaining--VOC_260420-7385-.wav,https://creativecommons.org/licenses/by-nc-sa/4.0/,A,0:31,11:06,2026-04-20,2026-04-24,a pair in its breeding territory,yes,no,,,no,Olympus LS-100,Sennheiser MKH 70 P48,44100,Phylloscopus collybita,identified
1099002,Milvus,migrans,,birds,Black Kite,Bo Shunqi 薄顺奇,China,"Mai Po, Yuen Long District, New Territories, Hong Kong SAR",22.4977,114.0418,0,"call, flight call",uncertain,juvenile,field recording,https://xeno-canto.org/1099002,https://xeno-canto.org/1099002/download,XC1099002-Black-Kite-黑鸢-call-亚成鸟-几只抢食物-香港米埔-小锅-+JS4006单麦-250209_0826----A.mp3,https://creativecommons.org/licenses/by-nc-sa/4.0/,A,1:54,08:26,2025-02-09,2026-04-14,几只亚成鸟争抢食物,yes,no,,,no,Sony A10 ,JS4006  +3D PARABOLIC REFLECTOR,48000,,identified
1084278,Milvus,migrans,,birds,Black Kite,Olivier SWIFT,France,"Galez, Hautes-Pyrénées, Occitanie, Barran",43.178,0.3973,460,call,uncertain,adult,field recording,https://xeno-canto.org/1084278,https://xeno-canto.org/1084278/download,XC1084278-MILMIG_260227_0050_Galez65_Barran.mp3,https://creativecommons.org/licenses/by-nc-sa/4.0/,A,3:07,14:00,2026-02-27,2026-03-02,Posted on a tree,yes,no,,,no,Tascam DR05X,Dodotronic AOM5024L parabole,48000,Sitta europaea; Corvus corone; Parus major; Erithacus rubecula; Certhia brachydactyla,identified
1080298,Milvus,migrans,migrans,birds,Black Kite,Frank Lambert,Spain,"Vulture feeding area (approx) nrSantiago del Campo), Cáceres, Extremadura",39.6429,-6.3452,380,call,uncertain,adult,field recording,https://xeno-canto.org/1080298,https://xeno-canto.org/1080298/download,XC1080298-Black-Kite-FL-X-Vulture-feedings-station-26Apr25-12.40p-LS119836_3a.wav,https://creativecommons.org/licenses/by-nc-nd/4.0/,A,0:18,12:40,2025-04-26,2026-02-14,,yes,no,,,no,Olympus LS11,Sennheiser ME66,44100,,identified
1080297,Milvus,migrans,migrans,birds,Black Kite,Frank Lambert,Spain,"Vulture feeding area (approx) nrSantiago del Campo), Cáceres, Extremadura",39.6429,-6.3452,380,call,uncertain,adult,field recording,https://xeno-canto.org/1080297,https://xeno-canto.org/1080297/download,XC1080297-Black-Kite-FL-X-Vulture-feedings-station-26Apr25-12.30p-LS119836_2a.wav,https://creativecommons.org/licenses/by-nc-nd/4.0/,A,0:20,12:30,2025-04-26,2026-02-14,,yes,no,,,no,Olympus LS11,Sennheiser ME66,44100,,identified
1080296,Milvus,migrans,migrans,birds,Black Kite,Frank Lambert,Spain,"Vulture feeding area (approx) nrSantiago del Campo), Cáceres, Extremadura",39.6429,-6.3452,380,call,uncertain,adult,field recording,https://xeno-canto.org/1080296,https://xeno-canto.org/1080296/download,XC1080296-Black-Kite-FL-X-Vulture-feedings-station-26Apr25-12.15p-LS119836a.wav,https://creativecommons.org/licenses/by-nc-nd/4.0/,A,0:39,12:15,2025-04-26,2026-02-14,,yes,no,,,no,Olympus LS11,Sennheiser ME66,44100,,identified
1055950,Milvus,migrans,,birds,Black Kite,Sam Hambly,Thailand,"Tha Ruea, Pak Phli District, Nakhon Nayok",14.0972,101.2729,0,call,,,field recording,https://xeno-canto.org/1055950,https://xeno-canto.org/1055950/download,XC1055950-blackkite_0929.wav,https://creativecommons.org/licenses/by-nc-sa/4.0/,A,0:17,9:29,2025-11-16,2025-11-16,,yes,no,,,no,,,44100,,identified
1047269,Milvus,migrans,,birds,Black Kite,Albert Lastukhin,Russian Federation,"Viktoriya, Gorod Cheboksary, Chuvashia Republic",56.1374,47.3527,120,flight call,,adult,field recording,https://xeno-canto.org/1047269,https://xeno-canto.org/1047269/download,"XC1047269-Milvus-migrans-1.05.2025,-Дача,-пруд,11-55,-A.mp3",https://creativecommons.org/licenses/by-nc-nd/4.0/,A,0:18,12:00,2025-05-01,2025-10-12,,yes,no,,,no,,,44100,Turdus pilaris; Turdus iliacus,identified
1030297,Milvus,migrans,,birds,Black Kite,Lars Edenius,Sweden,"Kiruna ÅVC, Kiruna Municipality, Norrbotten County",67.8599,20.2812,480,call,,,field recording,https://xeno-canto.org/1030297,https://xeno-canto.org/1030297/download,XC1030297-Brunglada_02.mp3,https://creativecommons.org/licenses/by-nc-sa/4.0/,A,0:05,07:00,2025-08-17,2025-08-19,[SNR 56dB(ISO/ITU)](https://xeno-canto.org/article/275),yes,no,,,yes,,,44100,,identified
1030295,Milvus,migrans,,birds,Black Kite,Lars Edenius,Sweden,"Kiruna ÅVC, Kiruna Municipality, Norrbotten County",67.8599,20.2812,480,call,,,field recording,https://xeno-canto.org/1030295,https://xeno-canto.org/1030295/download,XC1030295-Brunglada_01.mp3,https://creativecommons.org/licenses/by-nc-sa/4.0/,A,0:05,07:00,2025-08-17,2025-08-19,[SNR 47dB(ISO/ITU)](https://xeno-canto.org/article/275),yes,no,,,yes,,,44100,,identified
1026906,Milvus,migrans,lineatus,birds,Black Kite,Richard E. Webster,Mongolia,"Mongolica Resort, Khan-Uul District, Ulaanbaatar",47.861,106.6805,1200,call,uncertain,adult,field recording,https://xeno-canto.org/1026906,https://xeno-canto.org/1026906/download,XC1026906-KITE_Black-Mongolica-1200m-052225-0851.mp3,https://creativecommons.org/licenses/by-nc-sa/4.0/,A,1:31,08:51,2025-05-22,2025-08-06,"primarily one perched bird, but there are another ten around; ",yes,no,,,no,SD Mix Pre 3 II,Sennheiser ME 67,48000,Parus major; Corvus frugilegus,identified
